[{"id":1,"firstName":"Cameron","middleName":"Martin","lastName":"Newton","nickName":"Cam","maritalStatus":"Single","gender":"Male","title":"Mr.","ssn":"222334444"},{"id":2,"firstName":"Teddy","middleName":"Bradley","lastName":"Ginn","nickName":"Ted","maritalStatus":"Single","gender":"Male","title":"Mr.","ssn":"222334444"},{"id":3,"firstName":"Mila","middleName":"Marie","lastName":"Kunis","nickName":"Mila","maritalStatus":"Single","gender":"Female","title":"Ms.","ssn":"543236554"},{"id":4,"firstName":"Gerald","middleName":"Louis","lastName":"Rice","nickName":"Jerry","maritalStatus":"Married","gender":"Male","title":"Mr.","ssn":"756875433"},{"id":5,"firstName":"Jim","middleName":"Bob","lastName":"Blahblah","nickName":"Nicker","maritalStatus":"Married","gender":"Male","title":"Mr.","ssn":"222334444"},{"id":6,"firstName":"George","middleName":"","lastName":"Washington","nickName":"Pres 1","maritalStatus":"Married","gender":"Male","title":"Mr.","ssn":"555227655"},{"id":7,"firstName":"John","middleName":"Quincy","lastName":"Adams","nickName":"Johnny","maritalStatus":"Single","gender":"Male","title":"Mr.","ssn":"123456789"},{"id":8,"firstName":"Thomas","middleName":"","lastName":"Jefferson","nickName":"Tommy","maritalStatus":"Married","gender":"Male","title":"Mr.","ssn":"554336789"},{"id":9,"firstName":"James","middleName":"Louis","lastName":"Madison","nickName":"Jimmy","maritalStatus":"Married","gender":"Male","title":"Mr.","ssn":"756875433"}]