[{"id":0,"firstName":"Test","middleName":"T","lastName":"Guy","nickName":"Tester","maritalStatus":"Single","gender":"Male","title":"Mr.","ssn":"222334444"},{"id":1,"firstName":"Cameron","middleName":"Martin","lastName":"Newton","nickName":"Cam","maritalStatus":"Single","gender":"Male","title":"Mr.","ssn":"222334444"},{"id":2,"firstName":"T","middleName":"Bradley","lastName":"Ginn","nickName":"Ted","maritalStatus":"Single","gender":"Male","title":"Mr.","ssn":"222334444"},{"id":4,"firstName":"Mila","middleName":"Fine","lastName":"Kunis","nickName":"Mila","maritalStatus":"Single","gender":"Female","title":"Ms.","ssn":"543236554"},{"id":11,"firstName":"Cameron2","middleName":"Martin","lastName":"Newton2","nickName":"Cam","maritalStatus":"Single","gender":"Male","title":"Mr.","ssn":"222334444"},{"id":12,"firstName":"T2","middleName":"Bradley","lastName":"Ginn2","nickName":"Ted","maritalStatus":"Single","gender":"Male","title":"Mr.","ssn":"222334444"},{"id":14,"firstName":"Mila2","middleName":"Fine","lastName":"Kunis2","nickName":"Mila","maritalStatus":"Single","gender":"Female","title":"Ms.","ssn":"543236554"},{"id":15,"firstName":"Donald2","middleName":"J","lastName":"Duck2","nickName":"Duckboy","maritalStatus":"Single","gender":"Female","title":"Ms.","ssn":"222334444"},{"id":16,"firstName":"Jim2","middleName":"Bob","lastName":"Blahblah2","nickName":"Nicker","maritalStatus":"Married","gender":"Male","title":"Mr.","ssn":"222334444"},{"id":17,"firstName":"John2","middleName":"Quincy","lastName":"Adams2","nickName":"Johnny","maritalStatus":"Single","gender":"Male","title":"Mr.","ssn":"123456789"},{"id":18,"firstName":"Thomas2","middleName":"","lastName":"Jefferson2","nickName":"Tommy","maritalStatus":"Married","gender":"Male","title":"Mr.","ssn":"554336789"},{"id":19,"firstName":"James2","middleName":"Louis","lastName":"Madison2","nickName":"Jimmy","maritalStatus":"Married","gender":"Male","title":"Mr.","ssn":"756875433"},{"id":20,"firstName":"Test3","middleName":"T","lastName":"Guy2","nickName":"Tester","maritalStatus":"Single","gender":"Male","title":"Mr.","ssn":"222334444"},{"id":21,"firstName":"Cameron3","middleName":"Martin","lastName":"Newton2","nickName":"Cam","maritalStatus":"Single","gender":"Male","title":"Mr.","ssn":"222334444"},{"id":22,"firstName":"T3","middleName":"Bradley","lastName":"Ginn2","nickName":"Ted","maritalStatus":"Single","gender":"Male","title":"Mr.","ssn":"222334444"},{"id":23,"firstName":"Katyln3","middleName":"Marie","lastName":"Couric2","nickName":"Katy","maritalStatus":"Single","gender":"Female","title":"Ms.","ssn":"543236554"},{"id":24,"firstName":"Mila3","middleName":"Fine","lastName":"Kunis2","nickName":"Mila","maritalStatus":"Single","gender":"Female","title":"Ms.","ssn":"543236554"},{"id":25,"firstName":"Donald3","middleName":"J","lastName":"Duck2","nickName":"Duckboy","maritalStatus":"Single","gender":"Female","title":"Ms.","ssn":"222334444"},{"id":26,"firstName":"Jim3","middleName":"Bob","lastName":"Blahblah2","nickName":"Nicker","maritalStatus":"Married","gender":"Male","title":"Mr.","ssn":"222334444"},{"id":27,"firstName":"John3","middleName":"Quincy","lastName":"Adams2","nickName":"Johnny","maritalStatus":"Single","gender":"Male","title":"Mr.","ssn":"123456789"},{"id":28,"firstName":"Thomas3","middleName":"","lastName":"Jefferson2","nickName":"Tommy","maritalStatus":"Married","gender":"Male","title":"Mr.","ssn":"554336789"},{"id":29,"firstName":"James3","middleName":"Louis","lastName":"Madison2","nickName":"Jimmy","maritalStatus":"Married","gender":"Male","title":"Mr.","ssn":"756875433"},{"id":30,"firstName":"Last","middleName":"F","lastName":"Laster","nickName":"Lasty","maritalStatus":"Married","gender":"Male","title":"Mr.","ssn":"756875433"}]